prt_res,low_med,med_stro,strong
70/ASP,EPP,,
79/THR,DCV,,
82/TRP,,EPP,"DCV,DTP,MVP,OMT,TMT,VMT"
83/ASN,,EPP,
117/GLY,MVP,"DTP,OMT,VMT",EPP
118/GLY,"OMT,VMT",,EFP
120/TYR,VMT,,EFP
121/SER,,EPP,
129/TYR,DTP,VMT,
198/GLU,DTP,TMT,"EPP,VMT"
199/SER,EPP,"MAP,OMT,VMT",TMT
225/SER,,ODM,
226/GLY,ODM,,
227/ALA,ODM,,
232/TRP,,EFP,"MAP,ODM"
276/TRP,EFP,,
285/PHE,"EPP,ODM,TMT,VMT",EFP,
286/ARG,,EFP,
287/PHE,"EFP,MAP",,
327/TYR,"DTP,TMT","MVP,OMT","DCV,EFP,EPP,ODM"
328/PHE,"EFP,ODM,OMT",MAP,
331/TYR,EFP,OMT,
396/ASN,ODM,,
397/VAL,,ODM,
437/HIS,OMT,"DCV,EPP,MAP,ODM,TMT",VMT
438/GLY,VMT,,
439/TYR,DCV,,
